japanese,English,chapter
私は学生です。,I **am** a student.,第1章　文の種類
私は学生ではありません。,I**'m not** a student.,第1章　文の種類
私はテニスをします。,I **play** tennis.,第1章　文の種類
私はテニスをしません。,I **don't play** tennis.,第1章　文の種類
彼はフルートが吹ける。,He **can** play the flute.,第1章　文の種類
彼はフルートが吹けない。,He **can't** play the flute.,第1章　文の種類
「彼は学生ですか。」「はい。」「いいえ，違います。」,"**Is he** a student?  ""Yes, he is."" / ""No, he isn't.""",第1章　文の種類
「あなたはテニスをしますか。」「はい。」「いいえ，しません。」,"**Do you play** tennis?  ""Yes, I do."" / ""No, I don't.""",第1章　文の種類
「あなたは泳げますか。」「はい。」「いいえ，泳げません。」,"**Can you swim**?  ""Yes, I can."" / ""No, I can't.""",第1章　文の種類
「誕生日はいつですか。」「4月25日です。」,"**When** is your birthday?  ""It's April 25th.""",第1章　文の種類
「あなたは何を買いましたか。」「私はＴシャツを買いました。」,"**What** did you buy?  ""I bought a T-shirt.""",第1章　文の種類
「チケットはどこで買えますか。」「あちらのカウンターで買えます。」,"**Where** can I buy a ticket?  ""You can buy a ticket at the counter over there.""",第1章　文の種類
「誰が主役を演じるのですか。」「マイクです。」,"**Who** plays the hero?  ""Mike does.""",第1章　文の種類
「紅茶がいいですか，それともコーヒーがいいですか。」「コーヒーをお願いします。」,"**Do you** want tea **or** coffee?  ""Coffee, please.""",第1章　文の種類
「犬と猫，どちらが好きですか。」「犬のほうが好きです。」,"**Which do you** like better, cats **or** dogs?  ""I like dogs better.""",第1章　文の種類
注意しなさい。,**Be** careful.,第1章　文の種類
ここに来なさい。,**Come** here.,第1章　文の種類
遅れてはいけません。,**Don't** be late.,第1章　文の種類
絵に触れてはいけません。,**Don't** touch the paintings.,第1章　文の種類
「買い物に行きましょう。」「そうしましょう。」「やめておきましょう。」,"**Let's** go shopping.  ""Yes, let's."" / ""No, let's not.""",第1章　文の種類
この家はなんて美しいのだろう。,**How beautiful** this house is!,第1章　文の種類
これはなんて美しい家だろう。,**What a beautiful house** this is!,第1章　文の種類
「泳げないのですか。」「いいえ，泳げます。」「はい，泳げません。」,"**Can't you** swim?  ""Yes, I can."" / ""No, I can't.""",第1章　文の種類
「彼女はかわいいよね。」「そうだね。」,"**Isn't she** lovely?  ""Yes, she is.""",第1章　文の種類
「あなたは学生ですよね。」「はい，そうです。」「いいえ，違います。」,"You are a student, **aren't you**?  ""Yes, I am."" / ""No, I'm not.""",第1章　文の種類
「チーズが好きではないですよね。」「いいえ，好きです。」「はい，好きではありません。」,"You don't like cheese, **do you**?  ""Yes, I do."" / ""No, I don't.",第1章　文の種類
ドアを開けてくれますか。,"Open the door, **will you**?",第1章　文の種類
トランプをしませんか。,"Let's play cards, **shall we**?",第1章　文の種類
将来何が起こるかなんて誰が予測できますか。（→ 将来何が起こるかなんて誰も予測できない。）,**Who can** say what will happen in the future?,第1章　文の種類
その少女は恥ずかしそうにほほえんだ。,**The girl smiled** shyly.,第2章　文型と動詞
この町の人は音楽が好きです。,**People** in this town **like** music.,第2章　文型と動詞
伊藤先生は英語を教えている。,Ms. Ito teaches **English**.,第2章　文型と動詞
私の姉は大学生だ。,My sister is **a college student**.,第2章　文型と動詞
私はその店でセーターを買った。,I bought a sweater **in the store**.,第2章　文型と動詞
彼女は毎日，プールで泳ぐ。,She **swims** in the pool every day.,第2章　文型と動詞
彼女はよくあの店で服を買う。,She often **buys** her clothes at that store.,第2章　文型と動詞
ケイトはニューヨークに住んでいる。,Kate **lives** in New York.,第2章　文型と動詞
庭に１本の木がある。,**There is** a tree in the yard.,第2章　文型と動詞
公園に３人の少年がいる。,**There are** three boys in the park.,第2章　文型と動詞
彼は有名だ。,He **is** famous.,第2章　文型と動詞
彼は医者になった。,He **became** a doctor.,第2章　文型と動詞
メグは幸せそうです。,Meg **looks** happy.,第2章　文型と動詞
このリンゴはすっぱい。,This apple **tastes** sour.,第2章　文型と動詞
彼は昨日，新しい腕時計を買った。,He **bought** a new watch yesterday.,第2章　文型と動詞
彼はサリーに指輪をあげた。,He **gave** Sally a ring.,第2章　文型と動詞
彼はサリーに指輪を買ってあげた。,He **bought** Sally a ring.,第2章　文型と動詞
私たちは我が家の犬をエルモと呼ぶ。,We **call** our dog Elmo.,第2章　文型と動詞
彼女は壁を茶色に塗った。,She **painted** the wall brown.,第2章　文型と動詞
私の車が昨日故障した。,My car **broke down** yesterday.,第2章　文型と動詞
私は鍵を探しています。,I'm **looking for** my keys.,第2章　文型と動詞
我々はその問題について議論した。,We **discussed** the matter.,第2章　文型と動詞
私はあなたに賛成します。,I **agree** with you.,第2章　文型と動詞
彼は今ベッドに横になっている。,He is **lying** in bed now.,第2章　文型と動詞
彼女は赤ちゃんをベッドに寝かせた。,She **laid** the baby on the bed.,第2章　文型と動詞
まっすぐ立ちなさい。,**Stand** straight.,第2章　文型と動詞
この天気には我慢できない。,I can't **stand** this weather.,第2章　文型と動詞
お願いがあるのですが。,Can I **ask** you a favor?,第2章　文型と動詞
それでずいぶん面倒が省けた。,That **saved** me a lot of trouble.,第2章　文型と動詞
私はあなたを愛しています。,I **love** you.,第3章　時制
私はたいてい朝食にパンを食べる。,I usually **eat** bread for breakfast.,第3章　時制
太陽は東から昇る。,The sun **rises** in the east.,第3章　時制
せいては事をし損じる。[ことわざ],Haste **makes** waste.,第3章　時制
彼女は今，テニスをしている。,She **is playing** tennis now.,第3章　時制
彼女は最近，テニスをしている。,She **is playing** tennis these days.,第3章　時制
私は彼を愛していた。,I **loved** him.,第3章　時制
彼は先週，野球をした。,He **played** baseball last week.,第3章　時制
彼はたいてい放課後にサッカーをした。,He usually **played** soccer after school.,第3章　時制
彼女は午後４時ごろテニスをしていた。,She **was playing** tennis around 4 p.m.,第3章　時制
彼は旅行中，写真を撮っていた。,He **was taking** pictures while traveling.,第3章　時制
私は来月17歳になる。,I **will be** seventeen next month.,第3章　時制
私は今夜，あなたに電話します。,I **will call** you tonight.,第3章　時制
私は明日，買い物に行く予定です。,I**'m going to** go shopping tomorrow.,第3章　時制
空を見て。雨が降りそうだ。,Look at the sky. It**'s going to** rain.,第3章　時制
来週の今ごろ，私はビーチで横になっているだろう。,This time next week I**'ll be lying** on the beach.,第3章　時制
水曜日の午後に彼と会うことになっている。,I **will be meeting** him on Wednesday afternoon.,第3章　時制
ホテルに着いたら電話をください。,Please call me when you **arrive** at the hotel.,第3章　時制
もし明日雨が降れば，私たちは家にいます。,"If it **rains** tomorrow, we will stay home.",第3章　時制
私の弟はいつもテレビを見てばかりいる。,My brother **is** always **watching** TV.,第3章　時制
葉が黄色になってきている。,The leaves **are becoming** yellow.,第3章　時制
私は明日，ロサンゼルスに向けて出発する。,I**'m leaving** for Los Angeles tomorrow.,第3章　時制
その飛行機は12時30分にニューヨークに向けて出発する。,The plane **leaves** for New York at 12:30.,第3章　時制
飛行機がまさに離陸しようとしています。,The plane **is about to** take off.,第3章　時制
スミス氏は来週，訪日することになっています。,Mr. Smith **is to** visit Japan next week.,第3章　時制
私はちょうどその知らせを聞いたところだ。,I **have** just **heard** the news.,第4章　完了形
私は携帯電話をなくしてしまった（今もない）。,I **have lost** my cell phone.,第4章　完了形
私はジュディーのお兄さんに２度会ったことがある。,I **have met** Judy's brother twice.,第4章　完了形
彼女はパリに３年間住んでいる。,She **has lived** in Paris for three years.,第4章　完了形
彼は今朝からずっとテレビを見続けている。,He **has been watching** TV since this morning.,第4章　完了形
私は最近彼に会っていない。,I **haven't seen** him lately.,第4章　完了形
私は６か月前に彼から手紙をもらった。,I **received** a letter from him six months ago.,第4章　完了形
私たちが到着した時，パーティーはすでに始まっていた。,The party **had already started** when we arrived.,第4章　完了形
私はイタリアを訪れるまで，オペラを見たことがなかった。,I **had never seen** an opera until I visited Italy.,第4章　完了形
彼女は日本に来る前に，パリに３年間住んでいた。,She **had lived** in Paris for three years before she came to Japan.,第4章　完了形
雨が降り出した時には，私たちは１時間（ずっと）サッカーをしていた。,We **had been playing** soccer for an hour when it started to rain.,第4章　完了形
フレッドはカナダに帰ったと聞きました。,I heard that Fred **had returned** to Canada.,第4章　完了形
私たちが着くまでに，パーティーは始まっているだろう。,The party **will have started** by the time we arrive.,第4章　完了形
その映画をもう一度見れば，私はそれを３回見たことになる。,I**'ll have seen** the movie three times if I see it again.,第4章　完了形
彼らは来年で結婚して20年になる。,They **will have been** married for 20 years next year.,第4章　完了形
この仕事が終わったら，私に電話してください。,Please call me **when you have finished** this work.,第4章　完了形
彼女はピアノが弾ける。,She **can** play the piano.,第5章　助動詞
明日，パーティーに行くことができます。,I **can** come to the party tomorrow.,第5章　助動詞
今夜，星を見ることができるでしょう。,You'll **be able to** see the stars tonight.,第5章　助動詞
私の携帯電話を使ってもいいですよ。,You **can** use my cell phone.,第5章　助動詞
「ドアを開けてくれますか[いただけますか]。」「わかりました。」,"**Can [Could]** you open the door?  ""All right.""",第5章　助動詞
事故はいつでも起こり得る。,An accident **can [could]** happen at any time.,第5章　助動詞
そのうわさは本当だろうか。,**Can [Could]** the rumor be true?,第5章　助動詞
そのうわさが本当であるはずがない。,The rumor **can't [couldn't]** be true.,第5章　助動詞
「質問をしてもよろしいですか。」「もちろんです。」,"**May I** ask you a question?  ""Sure.""",第5章　助動詞
彼は家にいるかもしれない。,He **may [might]** be at home.,第5章　助動詞
あなたは少し寝ないといけません。,You **must** get some sleep.,第5章　助動詞
ここで写真を撮ってはいけません。,You **must not** take pictures here.,第5章　助動詞
今日，私は歯医者に行かなければなりません。,I **have to** go to the dentist today.,第5章　助動詞
靴を脱ぐ必要はありません。,You **don't have to** take off your shoes.,第5章　助動詞
彼は疲れているに違いない。,He **must** be tired.,第5章　助動詞
君はもっと気を付けるべきだ。,You **should [ought to]** be more careful.,第5章　助動詞
彼らはもうすぐここに着くはずだ。,They **should [ought to]** arrive here soon.,第5章　助動詞
医者に診てもらいなさい。,You **had better** see a doctor.,第5章　助動詞
今日の午後は雨が降るだろう。,It **will** rain this afternoon.,第5章　助動詞
私は夕食後に宿題をするつもりです。,I**'ll** do my homework after dinner.,第5章　助動詞
私の妹はどうしても野菜を食べようとしない。,My little sister **won't** eat vegetables.,第5章　助動詞
そのドアはどうしても開かなかった。,The door **wouldn't** open.,第5章　助動詞
「ドアを開けてくれますか[いただけますか]。」「いいですよ。」,"**Will [Would]** you open the door?  ""Sure.""",第5章　助動詞
彼らは今ごろその島に着いているだろう。,They **will** be on the island by now.,第5章　助動詞
彼女はおそらく今ごろ寝ているだろう。,She **would** be in bed by now.,第5章　助動詞
赤ちゃんは泣くものだ。,Babies **will** cry.,第5章　助動詞
私たちはよく映画を見に行ったものだ。,We **would** often go to the movies.,第5章　助動詞
私は（以前は）友達と歩いて登校したものだ。,I **used to** walk to school with my friends.,第5章　助動詞
町にはかつて劇場があった。,There **used to** be a theater in the town.,第5章　助動詞
「窓を開けましょうか。」「はい，お願いします。」「いいえ，結構です。」,"**Shall I** open the window?  ""Yes, please."" / ""No, thanks.""",第5章　助動詞
「明日，映画に行きませんか。」「ええ，そうしましょう。」「いいえ，やめておきましょう。」,"**Shall we** go to a movie tomorrow?  ""Yes, let's."" / ""No, let's not.""",第5章　助動詞
父は今，お風呂に入っています。,My father **is** taking a bath now.,第5章　助動詞
私は，ちょうど，ここに着いたところです。,I **have** just arrived here.,第5章　助動詞
あなたはチケットを持っていますか。,**Do** you have a ticket?,第5章　助動詞
彼は十分休息したに違いない。,He **must have had** a good rest.,第5章　助動詞
私は家に鍵を置き忘れたのかもしれない。,I **may [might] have left** the key at home.,第5章　助動詞
彼女がそんな間違いをしたはずがない。,She **can't [couldn't] have made** such a mistake.,第5章　助動詞
その事故はもっとひどいことになった可能性がある。,The accident **could have been** much worse.,第5章　助動詞
彼は今ごろもう家に着いているはずだ。,He **should [ought to] have arrived** home by now.,第5章　助動詞
彼は治療を受けることができたのに（受けなかった）。,He **could have received** treatment.,第5章　助動詞
私は彼の忠告を聞くべきだったのに（聞かなかった）。,I **should [ought to] have taken** his advice.,第5章　助動詞
私たちは急ぐ必要はなかったのに（急いだ）。,We **needn't have hurried**.,第5章　助動詞
チケットを２枚欲しいのですが。,I **would like** two tickets.,第5章　助動詞
予約をしたいのですが。,I **would like to** make a reservation.,第5章　助動詞
私は外出するよりもむしろ家にいたい。,I **would rather** stay home than go out.,第5章　助動詞
彼はおそらく勝つだろう。,He **may [might] well** win.,第5章　助動詞
雨の中を行ったほうがいい。やまないだろうから。,We **may [might] as well** go in the rain.  It will never stop.,第5章　助動詞
あなたはただ静かに座っていればいい。,You **only have to** sit quietly.,第5章　助動詞
車を運転する時はいくら注意してもしすぎることはない。,You **cannot** be **too** careful when you drive.,第5章　助動詞
彼女には同情せずにはいられない。,I **cannot help feeling** sorry for her.,第5章　助動詞
あなたに同意せざるを得ません。,I **cannot help but** agree with you.,第5章　助動詞
彼女は子どもたちに愛されている。,She **is loved** by the kids.,第6章　受動態
オーストリアではドイツ語が話されている。,German **is spoken** in Austria.,第6章　受動態
私たちはパーティーに招待されなかった。,We **were not invited** to the party.,第6章　受動態
あなたはパーティーに招待されましたか。,**Were you invited** to the party?,第6章　受動態
パーティーはどこで開かれましたか。,Where **was** the party **held**?,第6章　受動態
誰がパーティーに招待されましたか。,Who **was invited** to the party?,第6章　受動態
この作文は明日までに仕上げなければならない。,This essay **must be finished** by tomorrow.,第6章　受動態
私の家から花火は見えない。,The fireworks **can't be seen** from my house.,第6章　受動態
彼の新しい映画は5月に公開されるだろう。,His new movie **will be released** in May.,第6章　受動態
新しいホテルが来年，建設される予定だ。,A new hotel **is going to be built** next year.,第6章　受動態
新しい建物が角のところで建設中だ。,A new building **is being built** on the corner.,第6章　受動態
その時，そのロボットは製作中だった。,The robot **was being made** at that time.,第6章　受動態
壁に触っちゃだめだよ。ペンキが塗られたばかりだから。,Don't touch the wall.  It **has** just **been painted**.,第6章　受動態
家に帰った時には，テレビは修理されていた。,The TV **had been repaired** when I came home.,第6章　受動態
私がそこに着くまでに，チケットは売り切れているだろう。,The tickets **will have been sold out** by the time I get there.,第6章　受動態
メアリーは金メダルを授与された。,Mary **was given** a gold medal.,第6章　受動態
その金メダルがメアリーに授与された。,The gold medal **was given to** Mary.,第6章　受動態
このバッグは祖母が私のために買ってくれた。,This bag was **bought for** me by my grandmother.,第6章　受動態
その赤ちゃんは両親にキャサリンと名付けられた。,The baby **was named** Catherine by her parents.,第6章　受動態
彼はとても金持ちだと言われている。,**It is said (that)** he is very rich.,第6章　受動態
彼はとても金持ちだと言われている。,He **is said to** be very rich.,第6章　受動態
今朝，私は外国人に話しかけられた。,I **was spoken to** by a foreigner this morning.,第6章　受動態
道路は雪で覆われている。,The road **is covered with** snow.,第6章　受動態
私たちはその知らせに驚いた。,We **were surprised at** the news.,第6章　受動態
彼は昨夜の試合でけがをした。,He **was injured in** last night's game.,第6章　受動態
彼女は同僚と結婚している。,She **is married to** a colleague.,第6章　受動態
この本は2003年に書かれた。,This book **was written in** 2003.,第6章　受動態
この本は簡単な英語で書かれている。,This book **is written in** plain English.,第6章　受動態
芝刈り機から離れていなさい。さもないとけがをしますよ。,"Stay away from the mower, or you'll **get hurt**.",第6章　受動態
ベルが鳴るまで座ったままでいてください。,Please **remain seated** until the bell rings.,第6章　受動態
十分な睡眠をとることが大切だ。,It's important **to** get enough sleep.,第7章　不定詞
彼女の夢は歌手になることだ。,Her dream is **to** be a singer.,第7章　不定詞
私は大学に行くことを希望しています。,I hope **to** go to university.,第7章　不定詞
私はインターネットでホテルを予約することが簡単だとわかった。,I found it easy **to book** a hotel online.,第7章　不定詞
幸運なことに，彼には助けてくれる友人がいた。,"Luckily, he had friends **to** help him.",第7章　不定詞
今日，私にはするべきことがたくさんある。,I have a lot of things **to** do today.,第7章　不定詞
ノートと何か書くものを持ってきてください。,Bring a notebook and something **to write with**.,第7章　不定詞
私は彼女と一緒に映画に行く約束をした。,I made a promise **to** go to the movies with her.,第7章　不定詞
私は６時30分の列車に乗るために早く起きた。,I got up early **to catch** the 6:30 train.,第7章　不定詞
私はあなたに会えてうれしいです。,I'm glad **to see** you.,第7章　不定詞
あの問題を解くなんて，彼は賢いに違いない。,He must be clever **to answer** that question.,第7章　不定詞
彼は目を覚ますと，自分が病院にいることに気が付いた。,He woke up **to find himself** in the hospital.,第7章　不定詞
子どもたちがここにとどまるのは危険だ。,It's dangerous **for** the children **to** stay here.,第7章　不定詞
私を助けてくれるなんてあなたは親切だった。（→ご親切にも助けてくださり，ありがとうございました。）,It was kind **of** you **to** help me.,第7章　不定詞
私はあなたに明日のパーティーに来てほしい。,I **want** you **to** come to tomorrow's party.,第7章　不定詞
両親は私が留学するのを許さないだろう。,My parents won't **allow** me **to** study abroad.,第7章　不定詞
彼は私に彼の席を取っておくように言った。,He **told** me **to** save a seat for him.,第7章　不定詞
彼女は私に遅れないようにと言った。,She **told** me **not to** be late.,第7章　不定詞
母は私に部屋の掃除をさせた。,My mother **made me clean** my room.,第7章　不定詞
私はドアマンに荷物を運んでもらった。,I **had the doorman carry** my baggage.,第7章　不定詞
父は私を映画に行かせてくれた。,My father **let me go** to the movies.,第7章　不定詞
私はその男が車から降りるのを見た。,I **saw the man get out** of the car.,第7章　不定詞
私は何をすべきかわからない。,I don't know **what to do**.,第7章　不定詞
彼は病気であると思われる。,He **seems to** be ill.,第7章　不定詞
彼は病気であると思われた。,He **seemed to** be ill.,第7章　不定詞
彼は病気だったと思われる。,He **seems to have been** ill.,第7章　不定詞
彼は病気だったと思われた。,He **seemed to have been** ill.,第7章　不定詞
彼女は休日を楽しんでいるようだ。,She **seems to be enjoying** her holiday.,第7章　不定詞
子どもは大人に同行してもらう必要がある。,Children need **to be accompanied** by an adult.,第7章　不定詞
その問題を解くのは簡単だ。,The problem is **easy to solve**.,第7章　不定詞
出発の用意はできています。,I'm **ready to leave**.,第7章　不定詞
私はそのコンサートのチケットを２枚なんとか入手した。,I **managed to get** two tickets for the concert.,第7章　不定詞
お望みでしたら，どうぞ私たちと一緒に行きましょう。,Please come with us if you'd like **to**.,第7章　不定詞
今日，大統領は京都を訪問することになっている。,The President **is to** visit Kyoto today.,第7章　不定詞
もし成功したいというのならば，懸命に勉強しなければならない。,"If you **are to** succeed, you'll have to study hard.",第7章　不定詞
通りには誰もいなかった。,Nobody **was to** be seen on the street.,第7章　不定詞
あなたは私の命令に従わなければならない。,You **are to** follow my orders.,第7章　不定詞
彼は二度と母親とは会わない運命にあった。,He **was never to** see his mother again.,第7章　不定詞
実を言うと，今朝は寝坊したのです。,"**To tell (you) the truth**, I woke up late this morning.",第7章　不定詞
私はあまりにも疲れていて歩けない。,I'm **too** tired **to** walk.,第7章　不定詞
彼はそのパズルを解くほど賢い。,He is **smart enough to** solve the puzzle.,第7章　不定詞
私は彼の話を信じるほど愚かではない。,I'm not **so foolish as** to believe his story.,第7章　不定詞
私たちは良い席を確保するために早く到着した。,We arrived early **in order to** [so as to] get good seats.,第7章　不定詞
あなたは本当のことを言うだけでよい。,**All you have to do is** (to) tell the truth.,第7章　不定詞
バスケットボールをすることは楽しい。,**Playing** basketball is fun.,第8章　動名詞
私のいちばん好きな娯楽は映画を見ることです。,My favorite pastime is **watching** movies.,第8章　動名詞
私は音楽を聴くことが好きです。,I like **listening** to music.,第8章　動名詞
今日は来てくれてありがとう。,Thank you for **coming** today.,第8章　動名詞
母は私がミニスカートをはくのが好きではない。,My mother doesn't like **me [my] wearing** short skirts.,第8章　動名詞
彼はルーシーが１人で家にいるのを心配している。,He is anxious about **Lucy('s) staying** home alone.,第8章　動名詞
もっと早く手紙を書かなくてすみません。,I'm sorry for **not writing** sooner.,第8章　動名詞
彼女は看護師であることを誇りに思っている。,She is proud of **being a nurse**.,第8章　動名詞
彼女は看護師であることを誇りに思っていた。,She was proud of **being a nurse**.,第8章　動名詞
彼女は看護師だったことを誇りに思っている。,She is proud of **having been** a nurse.,第8章　動名詞
彼女は看護師だったことを誇りに思っていた。,She was proud of **having been** a nurse.,第8章　動名詞
私の妹は子ども扱いされることにうんざりしている。,My little sister is tired of **being treated** like a child.,第8章　動名詞
これ以上，彼と議論しても無駄だ。,**It's no use** [good] arguing with him anymore.,第8章　動名詞
何が起こるかわからない。,**There is no telling** what will happen.,第8章　動名詞
その映画は見る価値がある。,That movie is **worth seeing**.,第8章　動名詞
警官を見るとすぐ，その男は逃げた。,"**On seeing** a police officer, the man ran away.",第8章　動名詞
ジェーンは家まで車で送ってもらったことに対して私に礼を言った。,Jane thanked me for **driving her home**.,第8章　動名詞
このはさみは髪を切るためのものです。,These scissors are for **cutting hair**.,第8章　動名詞
健康が富に勝るのは言うまでもないことだ。,**It goes without saying** that health is above wealth.,第8章　動名詞
私はドライブに行きたい気分だ。,I **feel like going** for a drive.,第8章　動名詞
最終列車はまさに駅を出ようとしていた。,The last train was **on the point of** leaving the station.,第8章　動名詞
父は時間厳守を心がけていた。,My father **made a point of** being on time.,第8章　動名詞
あなたからの便りを楽しみに待っています。,I **am looking forward to hearing** from you.,第8章　動名詞
私は早起きに慣れている。,I'm **used to getting** up early.,第8章　動名詞
トムは奨学金を得るために，一生懸命勉強した。,Tom studied hard **with a view to winning** the scholarship.,第8章　動名詞
パンを作るということになると，彼女は名人だ。,"**When it comes to** making bread, she is an expert.",第8章　動名詞
映画に行くのはどうだろう。,**What do you say to going** to the movies?,第8章　動名詞
彼は自尊心が高いので私の申し出を受け入れなかった。,His pride **prevented him from** accepting my offer.,第8章　動名詞
私の息子は海で危うく溺死するところだった。,My son **came close to** drowning in the sea.,第8章　動名詞
海外留学するという考えに興味をそそられます。,The **idea of going** abroad appeals to me.,第8章　動名詞
これは私が自分で編んだセーターです。,This is the sweater **of my own knitting**.,第8章　動名詞
多くの人々は医療研究で動物を使用することに反対している。,Many people **are opposed to using** animals in medical research.,第8章　動名詞
ルームメイトと暮らすのには反対ですか。,Do you **object to living** with a roommate?,第8章　動名詞
消防士たちは燃えている家に入った。,Firefighters entered the **burning** house.,第9章　分詞
割れたガラスに注意しなさい。,Be careful of the **broken** glass.,第9章　分詞
サリーと話している少女を知っていますか。,Do you know the girl **talking to** Sally?,第9章　分詞
彼らにはクリスと名付けられた息子がいる。,They have a son **named Chris**.,第9章　分詞
これははらはらする試合になるだろう。,This will be an **exciting** game.,第9章　分詞
その列車の中には興奮したファンがたくさんいた。,There were a lot of **excited fans** in the train.,第9章　分詞
そのショッピングモールは木曜日まで閉まったままだろう。,The mall will remain **closed** until Thursday.,第9章　分詞
彼は私たちの所へ走ってやって来た。,He **came running** to us.,第9章　分詞
彼女は私を１時間待たせた。,She kept me **waiting** for an hour.,第9章　分詞
夜はドアの鍵を掛けたままにしておいてください。,Keep the door **locked** at night.,第9章　分詞
私はスティーブがバスを待っているのを見かけた。,I saw Steve **waiting** for a bus.,第9章　分詞
私はその本が新聞で広告されているのを見かけた。,I **saw** the book **advertised** in the paper.,第9章　分詞
彼女は髪を切ってもらった。,She had [got] her hair **cut**.,第9章　分詞
彼女はバッグを盗まれた。,She had [got] her bag **stolen**.,第9章　分詞
英語で自分の言いたいことを伝えられますか。,Can you **make yourself understood** in English?,第9章　分詞
写真を撮りながら，私は町を散策した。,I walked around the town **taking pictures**.,第9章　分詞
わかりやすい英語で書かれているので，この本は読みやすい。,"**Written** in plain English, this book is easy to read.",第9章　分詞
何をしてよいかわからないまま，私はただそこに立っていた。,"I just stood there, **not knowing what to do**.",第9章　分詞
電話で話しながら，私たちは夜を明かした。,"We sat up all night, **talking on** the phone.",第9章　分詞
サッカーをしている時に，彼は脚にけがをした。,"**Playing** soccer, he hurt his leg.",第9章　分詞
その列車は8時に名古屋を出発し，10時に東京に着く。,"The train leaves Nagoya at eight, **arriving in** Tokyo at ten.",第9章　分詞
気分が悪かったので，私は医者に診てもらった。,"**Feeling** sick, I went to see a doctor.",第9章　分詞
宿題を終えてから，私は寝た。,"**Having finished** my homework, I went to bed.",第9章　分詞
休暇シーズンなので，列車はいっぱいだった。,"**It being** the holiday season, the train was full.",第9章　分詞
この写真から判断すると，彼はとても背が高い。,"**Judging from** this picture, he is very tall.",第9章　分詞
車のエンジンをかけたまま，彼は彼女が戻ってくるのを待った。,He waited for her to come back **with the engine running**.,第9章　分詞
その女性は脚を組んで座っていた。,The woman was sitting **with her legs crossed**.,第9章　分詞
運動場では少年たちがサッカーをしていた。,There were some boys **playing** soccer on the field.,第9章　分詞
学園祭まで２日しか残されていない。,There are only **two days left** until the school festival.,第9章　分詞
私たちは長野へスキーをしに行った。,We went **skiing** in Nagano.,第9章　分詞
彼は試験の準備をするのに忙しい。,He **is busy preparing** for the exam.,第9章　分詞
私はその仕事をするのにややてこずった。,I've **had some difficulty doing** the work.,第9章　分詞
私は電話で話をして１時間を過ごした。,I spent an hour **chatting** on the phone.,第9章　分詞
私たちはビーチバレーをして楽しんだ。,We had a good time **playing** beach volleyball.,第9章　分詞
結局，私たちは家でテレビゲームをすることになった。,We **ended up playing** video games at home.,第9章　分詞
私はフランス語を上手に話す女性に出会った。,I met a woman **who** spoke French well.,第10章　関係詞
彼女は10代に人気がある小説を読んでいた。,She was reading a novel **which** was popular with teenagers.,第10章　関係詞
私が韓国で出会った人々は親切だった。,The people (whom [who]) I met in Korea **were** nice.,第10章　関係詞
これが彼の書いた本です。,This is the book **which** he wrote.,第10章　関係詞
私は姉[妹]が漫画家の女性に出会った。,I met a woman **whose** sister is a cartoonist.,第10章　関係詞
屋根が赤色の家はおじの家です。,The house **whose** roof is red is my uncle's.,第10章　関係詞
彼女は10代に人気がある小説を読んでいた。,She was reading a novel **that** was popular with teenagers.,第10章　関係詞
私が韓国で出会った人々は親切だった。,The people **that** I met in Korea were nice.,第10章　関係詞
これが私が君に話したCDです。,This is the CD (which) I told you **about**.,第10章　関係詞
これが私が君に話したCDです。,This is the CD **about which** I told you.,第10章　関係詞
これが私が探していたCDです。,This is the CD (which) I've been looking **for**.,第10章　関係詞
必要とされるのは変化だ。,**What** is needed is change.,第10章　関係詞
私は彼女が言ったことが聞こえなかった。,I didn't hear **what she said**.,第10章　関係詞
それが私の知りたいことだ。,That's **what** I want to know.,第10章　関係詞
彼女には俳優になった息子が２人いる。,She has two sons **who** became actors.,第10章　関係詞
彼女には息子が２人いて，（２人とも）俳優になった。,"She has two sons, **who** became actors.",第10章　関係詞
私はその山に登ろうとしたが，それは無理だとわかった。,"I tried to climb the mountain, **which** I found impossible.",第10章　関係詞
彼は弁護士だと言ったが，それは本当ではなかった。,"He said he was a lawyer, **which** wasn't true.",第10章　関係詞
彼女が突然退部し，そのことは私たちを驚かせた。,"She suddenly left the club, **which** surprised us.",第10章　関係詞
私たちが泊まったホテルはすばらしかった。,The hotel **where** we stayed was wonderful.,第10章　関係詞
そこが来年試合が開催されるところです。,That's **where** the game will be held next year.,第10章　関係詞
私は初めてあなたに出会った日を覚えている。,I remember the day **when** I first met you.,第10章　関係詞
今こそそれを始めるべきだ。,Now is **when** you should start it.,第10章　関係詞
あなたが遅れた理由を言いなさい。,Tell me (the reason) **why** you were late.,第10章　関係詞
列車に乗り遅れました。それで遅刻しました。,I missed the train. That's **why** I was late.,第10章　関係詞
そのようにして事故は起こった。,That's **how** the accident happened.,第10章　関係詞
私たちはパリに滞在し，そこでトムに出会った。,"We stayed in Paris, **where** we met Tom.",第10章　関係詞
2008年に私は東京に住んでいたのだが，その時マリアに出会った。,"In 2008, **when** I lived in Tokyo, I met Maria.",第10章　関係詞
助けを必要としている人であれば誰でも助けたい。,We want to help **whoever** needs help.,第10章　関係詞
どちらでも好きなほうを選んでください。,Choose **whichever** you like.,第10章　関係詞
あなたが欲しいものは何でもあげますよ。,I'll give you **whatever** you want.,第10章　関係詞
あなたが誰であっても歓迎します。,"You're welcome, **whoever** you are.",第10章　関係詞
どれを選んだとしても，満足していただけるでしょう。,"**Whichever** you choose, you'll be satisfied.",第10章　関係詞
何が起ころうとも，彼はいつも冷静だ。,"He is always calm, **whatever** happens.",第10章　関係詞
東京に行く時はいつでも私はリサと会う。,I see Lisa **whenever** I go to Tokyo.,第10章　関係詞
どこでもあなたの好きなところに座ってください。,Please take a seat **wherever** you like.,第10章　関係詞
いつ彼女を訪ねても，彼女の部屋はきれいだ。,"**Whenever** I visit her, her room is clean.",第10章　関係詞
どこへ行こうとも，いつも彼はボディーガードを２人連れている。,"**Wherever** he goes, he always has two bodyguards.",第10章　関係詞
どんなに状況が困難でも，彼は決してあきらめない。,"He never gives up, **however difficult** the situation is.",第10章　関係詞
彼は，私がいつかアカデミー賞をとると思う，すばらしい役者だ。,He is a good actor **who I think** will win an Academy Award someday.,第10章　関係詞
あなたが知っている人の中で，ドラムが演奏できる人はいますか。,Is there anyone (that) you know **who** can play the drums?,第10章　関係詞
彼は持っていたお金をすべて奪われた。,He was robbed of **what** money he had.,第10章　関係詞
その本は表紙が破れているが，貴重なものだ。,"The book, **the cover of which** is torn, is valuable.",第10章　関係詞
これがいわゆる「グローバル化」だ。,"This is **what is called** ""globalization.""",第10章　関係詞
彼は以前の彼とは違う。,He is not **what he used to be**.,第10章　関係詞
人の価値はその人の財産では計れない。,A person's worth cannot be measured by **what they have**.,第10章　関係詞
運動不足や食べ過ぎなどで，父は太り過ぎている。,"**What with** lack of exercise and overeating, my father is overweight.",第10章　関係詞
友情と心の関係は，食べ物と体の関係と同じだ。,Friendship is to the soul **what food is to the body**.,第10章　関係詞
あなたを幸せにするような本を読みなさい。,Read **such books as** will make you happy.,第10章　関係詞
なんてこと。彼女は私が着ているのと同じセーターを着ている。,"Oh, no. She's wearing **the same sweater as** I am.",第10章　関係詞
彼女にはよくあることだが，打ち合わせで何もしゃべらなかった。,"**As is often the case** with her, she was silent in the meeting.",第10章　関係詞
あなたが必要なだけの数をあげます。,You can have **as many as** you need.,第10章　関係詞
あなたが必要としている以上のお金を持ち歩いてはいけません。,Don't carry **more money than** you need.,第10章　関係詞
例外のない規則はない。,There is **no rule but** has exceptions.,第10章　関係詞
トニーはあなたと同じくらいの背の高さだ。,Tony is **as tall as** you (are).,第11章　比較
彼女は彼女の姉[妹]と同じくらいテニスが上手だ。,She plays tennis **as well as** her sister (does).,第11章　比較
ジョンはあなたほど背が高くない。,John **isn't as tall** as you (are).,第11章　比較
彼女は彼女の姉[妹]ほどテニスが上手ではない。,She doesn't play tennis **as well as** her sister (does).,第11章　比較
私は兄［弟］と同じくらいの数の本を持っている。,I have **as many books as** my brother (does).,第11章　比較
ロシアはブラジルの２倍の大きさだ。,Russia is **twice as large as** Brazil.,第11章　比較
ブラジルはアルゼンチンの３倍の大きさだ。,Brazil is **three times** as large as Argentina.,第11章　比較
あなたはジョンよりも背が高い。,You are **taller than** John (is).,第11章　比較
母は父よりも慎重に運転する。,My mother drives **more carefully than** my father (does).,第11章　比較
このドレスはあのドレスほど値段が高くはない。,This dress is **less expensive than** that one.,第11章　比較
ジョンはトニーより背が高いということはない。,John **isn't taller than** Tony (is).,第11章　比較
トニーはジョンよりもずっと背が高い。,Tony is **much [far] taller than** John.,第11章　比較
トニーはあなたよりも少し背が高い。,Tony is **a little taller** than you (are).,第11章　比較
彼女は妹よりも２歳年上だ。,She is **two years older** than her sister.,第11章　比較
その俳優は日本でよりもアメリカでのほうが有名だ。,That actor is more famous in the U.S.A. than **in Japan**.,第11章　比較
鉄道を使うよりもバスを使うほうが安上がりだ。,It's cheaper to take the bus than **to take** the train.,第11章　比較
サンフランシスコの気候はニューヨークの気候より温暖だ。,The climate of San Francisco is milder than **that of** New York.,第11章　比較
彼女は実際よりも若く見える。,She looks **younger than** she really is.,第11章　比較
ジョンは家族の中でいちばん賢い。,John is **the smartest** in his family.,第11章　比較
彼は３人の少年の中でいちばん速く走れる。,He can run (the) fastest **of** the three boys.,第11章　比較
彼女は私が知っている中で最も知的な女性だ。,She is **the most intelligent** woman (that) I know.,第11章　比較
私はその店の中で最も高価でないドレスを選んだ。,I chose **the least expensive** dress in the store.,第11章　比較
カナダは世界で２番目に大きな国だ。,Canada is **the second largest** country in the world.,第11章　比較
ニセコは断然いちばん人気のスキー場だ。,Niseko is **by far** the most popular ski resort.,第11章　比較
彼は世界で最も有名な芸術家の１人だ。,He is **one of the most** famous artists in the world.,第11章　比較
世界にはロシアほど大きな国はない。,**No** (other) country in the world is as large as Russia.,第11章　比較
世界にはロシアよりも大きな国はない。,**No** (other) country in the world is larger than Russia.,第11章　比較
ロシアは世界のほかのどの国よりも大きい。,Russia is larger than **any other country** in the world.,第11章　比較
光ほど速く伝わるものはない。,**Nothing** can travel as fast as light.,第11章　比較
光よりも速く伝わるものはない。,**Nothing** can travel faster than light.,第11章　比較
光は何よりも速く伝わる。,Light can travel faster than **anything else**.,第11章　比較
私の兄［弟］ほど上手にギターを弾く人はいない。,Nobody plays the guitar **as well as** my brother (does).,第11章　比較
私の兄［弟］よりも上手にギターを弾く人はいない。,Nobody plays the guitar **better** than my brother (does).,第11章　比較
私の兄［弟］はほかの誰よりも上手にギターを弾く。,My brother plays the guitar better than **anybody else**.,第11章　比較
この車はほかの車よりも優れている。,This car **is superior to** the other cars.,第11章　比較
会社ではニックは私よりも地位が高い。,Nick **is senior to** me at the office.,第11章　比較
私はクラシック音楽よりもポピュラー音楽のほうが好きだ。,I **prefer pop music** to classical music.,第11章　比較
若い世代の人たちは流行を意識している。,**The younger generation** is fashion-conscious.,第11章　比較
私は２つの新しいモデルのうち，安いほうを選んだ。,I chose **the cheaper of the two** new models.,第11章　比較
私は旅行の計画を立てている時がいちばん幸せだ。,**I'm happiest** when I'm planning a trip.,第11章　比較
さっぱりわかりません。,I don't have **the slightest** idea.,第11章　比較
できるだけすぐに私に知らせてください。,Please let me know **as soon as possible**.,第11章　比較
彼はほかのどの従業員よりも一生懸命働いた。,He worked **as hard as** any employee.,第11章　比較
そのバンドは相変わらず人気がある。,The band is **as popular as ever**.,第11章　比較
５千人もの人たちがそのキャンペーンに参加した。,**As many as** five thousand people took part in the campaign.,第11章　比較
彼らの居間はうちの居間の２倍の広さだ。,Their living room is **as large again as** ours.,第11章　比較
この本はほとんど新品同様だ。,This book is **as good as** new.,第11章　比較
彼は歌手というよりはむしろ俳優だ。,He is **not so much a singer as** an actor.,第11章　比較
彼はさよならも言わないで部屋を出て行った。,He went out of the room **without so much as** saying goodbye.,第11章　比較
だんだん暑くなってきている。,It's getting **hotter and hotter**.,第11章　比較
高く上れば上るほど，ますます景色が美しくなる。,"**The higher** you go, **the more** beautiful the view becomes.",第11章　比較
必要以上に長居をしてしまった。,We stayed **longer than necessary**.,第11章　比較
次の試験があるのでいっそう勉強する必要がある。,I need to study **all the harder** for the next exam.,第11章　比較
マイクは欠点があるが，それでも私は彼が好きだ。,I like Mike **none the less** for his faults.,第11章　比較
和食はおいしいし，その上，健康にも良い。,"Japanese food is delicious, and **what's more**, it is good for the health.",第11章　比較
彼はそのうわさを信じるほど愚かではない。,He knows **better than to** believe the rumor.,第11章　比較
トムは10ドルよりも多くのお金を持っている。,Tom has **more than** 10 dollars.,第11章　比較
トムは多くても10ドルしか持っていない。,Tom has **not more than** 10 dollars.,第11章　比較
トムは少なくとも10ドルは持っている。,Tom has **not less than** 10 dollars.,第11章　比較
トムはたった10ドルしか持っていない。,Tom has **no more than** 10 dollars.,第11章　比較
トムは10ドルも持っている。,Tom has **no less than** 10 dollars.,第11章　比較
そのコンピューターは私の手のひらほどの大きさしかない。,The computer is **no bigger than** the palm of my hand.,第11章　比較
ネズミが鳥でないのと同じように，コウモリは鳥ではない。,A bat is **no more a bird** than a rat is (a bird).,第11章　比較
私は中古車を買う余裕はないし，まして新車は買えない。,"I can't afford to buy a used car, **much** [still] less a new one.",第11章　比較
彼女の話は多かれ少なかれ真実だ。,Her story is **more or less** true.,第11章　比較
私はその本をほとんど読み終えた。,I've **more or less** finished the book.,第11章　比較
遅かれ早かれ，君は私の言ったことがわかるだろう。,"You'll see what I've said, **sooner or later**.",第11章　比較
コンサートホールにはせいぜい50人の人しかいなかった。,There were at (the) **most** 50 people in the concert hall.,第11章　比較
その試合は最高でも引き分けに終わるだろう。,The game will end in a draw **at best**.,第11章　比較
それは厳しい試合だったし，私は最高の状態というわけではなかった。,"It was a tough match, and I wasn't **at my best**.",第11章　比較
私たちはこの機会を最大限に利用しなければならない。,We must **make the most of** this chance.,第11章　比較
この地域の空はたいていどんより曇っている。,The sky in this area is **for the most part** overcast.,第11章　比較
もし明日，雨が降れば，私は家にいます。,"If it **rains** tomorrow, I will stay home.",第12章　仮定法
もし海の近くに住んでいれば，毎日泳ぎに行けるのに。,"If I **lived** near the sea, I **could** go swimming every day.",第12章　仮定法
暇があれば，君と一緒に行けるのに。,"If I **were** free, I **could** go with you.",第12章　仮定法
彼の電話番号を知っていれば，彼に電話するのに。,"If I **knew** his phone number, I **would** call him.",第12章　仮定法
暇があったなら，君と一緒に行けたのに。,"If I **had been** free, I **could have gone** with you.",第12章　仮定法
彼の電話番号を知っていたなら，彼に電話したのに。,"If I **had known** his phone number, I **would have called** him.",第12章　仮定法
そのチームに入っていたなら，今ごろ彼はスターになっているだろうに。,"If he **had joined** the team, he **would be** a star now.",第12章　仮定法
仮にあなたが本を書くとしたら，何についての本ですか。,"If you **were to** write a book, what **would** it be about?",第12章　仮定法
万一，気が変われば，彼は私たちに知らせるだろう。,"If he **should** change his mind, he **would** let us know.",第12章　仮定法
彼の電話番号を知っていればなあ。,I **wish** I **knew** his phone number.,第12章　仮定法
もっと勉強していたらなあ。,I **wish** I **had studied** more.,第12章　仮定法
彼はまるで私を幼い子どものように扱う。,He treats me **as if I were** a little child.,第12章　仮定法
私はまるで恐ろしい悪夢でも見たかのような気分だ。,I feel **as if I had had** a horrible nightmare.,第12章　仮定法
もしお金持ちなら，その車が買えるのに。,"**Were I** rich, I could buy the car.",第12章　仮定法
もしお金持ちだったなら，その車を買ったのに。,"**Had I been** rich, I would have bought the car.",第12章　仮定法
万一，気が変われば，私に知らせてください。,"**Should you change** your mind, please let me know.",第12章　仮定法
あなたの助けがなければ，私はこの仕事ができないだろう。,"**Without** your help, I **would** not be able to do this job.",第12章　仮定法
もう少しお金があれば，コートをもう１着買えるのに。,"**With** a little more money, I could buy another coat.",第12章　仮定法
私たちはジムのことをとてもよく知っている。そうでなければ彼を信用したりしないだろう。,We know Jim very well; **otherwise** we would not trust him.,第12章　仮定法
もしあなたの立場だったなら，私も同じことをしただろう。,"In your place, I **would** have done the same thing.",第12章　仮定法
正直な男性ならばそんなことはしないだろう。,An honest man **wouldn't** do such a thing.,第12章　仮定法
彼女が話すのを聞くと，東京出身だと思ってしまうだろう。,"**To hear her speak**, you would think she was from Tokyo.",第12章　仮定法
チャンスを与えられたら，海外に留学するのに。,"**Given the chance**, I would study abroad.",第12章　仮定法
様子を見てみるのがよいと思います。,I suggest that we **wait and see**.,第12章　仮定法
彼はそこに行く必要がある。,It's necessary that he **go** there.,第12章　仮定法
あなたの助けがなければ，私はこの仕事ができないだろう。,"**If it were not for** your help, I would not be able to do this job.",第12章　仮定法
私がお金持ちでありさえすればなあ。,**If only** I were rich!,第12章　仮定法
もう寝る時間だよ。,It's time you **went** to bed.,第12章　仮定法
彼はいわば日本のエジソンだ。,"He is, **as it were**, a Japanese Edison.",第12章　仮定法
あなたにここにいてほしいのですが。,I'd rather you **stayed** here.,第12章　仮定法